E0001,P0001,PAQ25,25,0.83,1
E0002,P0002,PAQ50,50,0.88,1
E0003,P0003,PAQ25,25,0.97,1
E0004,P0004,PAQ10,10,0.85,1
E0005,P0005,PAQ20,20,0.96,1
E0006,P0006,CAJA48,48,0.86,1
E0007,P0007,PAQ25,25,0.96,1
E0008,P0008,CAJA100,100,0.88,1
E0009,P0009,CAJA12,12,0.86,1
E0010,P0001,PAQ20,20,0.95,1
E0011,P0001,CAJA48,48,0.85,0
E0012,P0002,CAJA24,24,0.84,1
E0013,P0003,CAJA12,12,0.83,1
E0014,P0004,PAQ25,25,0.84,1
E0015,P0005,PAQ50,50,0.94,1
E0016,P0006,CAJA12,12,0.94,1
E0017,P0007,CAJA100,100,0.96,1
E0018,P0018,PAQ50,50,0.95,1
E0019,P0019,CAJA100,100,0.92,1
E0020,P0020,CAJA24,24,0.95,1
E0021,P0021,CAJA12,12,0.88,1
E0022,P0022,PAQ20,20,0.82,1
E0023,P0023,CAJA48,48,0.95,1
E0024,P0024,CAJA48,48,0.92,1
E0025,P0025,PAQ20,20,0.89,1
E0026,P0026,PAQ20,20,0.85,1
E0027,P0027,CAJA12,12,0.84,1
E0028,P0028,PAQ50,50,0.92,1
E0029,P0029,CAJA24,24,0.87,1
E0030,P0030,PAQ25,25,0.89,1
E0031,P0031,CAJA100,100,0.90,1
E0032,P0032,CAJA48,48,0.88,1
E0033,P0033,PAQ10,10,0.92,1
E0034,P0034,PAQ50,50,0.86,1
E0035,P0035,PAQ25,25,0.85,1
E0036,P0036,PAQ50,50,0.85,1
E0037,P0037,PAQ20,20,0.91,1
E0038,P0038,PAQ20,20,0.86,1
E0039,P0039,PAQ20,20,0.89,1
E0040,P0040,PAQ50,50,0.83,1
E0041,P0041,CAJA100,100,0.89,1
E0042,P0002,PAQ50,50,0.86,1
E0043,P0043,PAQ20,20,0.84,1
E0044,P0044,PAQ10,10,0.85,1
E0045,P0045,PAQ50,50,0.94,1
E0046,P0046,PAQ20,20,0.87,1
E0047,P0047,CAJA48,48,0.95,1
E0048,P0048,PAQ25,25,0.87,1
E0049,P0049,PAQ20,20,0.86,1
E0050,P0050,PAQ10,10,0.96,1
E0051,P0051,CAJA24,24,0.82,1
E0052,P0052,PAQ20,20,0.91,1
E0053,P0053,CAJA12,12,0.92,1
E0054,P0054,PAQ50,50,0.97,1
E0055,P0055,PAQ25,25,0.94,1
E0056,P0056,PAQ25,25,0.83,1
E0057,P0057,PAQ50,50,0.82,1
E0058,P0058,CAJA100,100,0.88,1
E0059,P0059,CAJA100,100,0.84,1
E0060,P0060,PAQ50,50,0.83,1
E0061,P0001,PAQ50,50,0.95,0
E0062,P0002,PAQ20,20,0.91,1
E0063,P0063,PAQ20,20,0.93,1
E0064,P0064,CAJA12,12,0.97,1
E0065,P0065,CAJA12,12,0.92,1
E0066,P0066,CAJA48,48,0.88,1
E0067,P0066,CAJA100,100,0.84,1
E0068,P0068,PAQ20,20,0.86,1
E0069,P0069,CAJA24,24,0.90,1
E0070,P0070,CAJA48,48,0.92,1
E0071,P0071,CAJA12,12,0.88,1
E0072,P0072,PAQ50,50,0.94,1
E0073,P0073,PAQ25,25,0.86,1
E0074,P0074,CAJA48,48,0.93,1
E0075,P0075,CAJA100,100,0.93,1
E0076,P0076,CAJA100,100,0.96,1
E0077,P0077,CAJA100,100,0.91,1
E0078,P0078,PAQ20,20,0.93,1
E0079,P0079,CAJA24,24,0.86,1
E0080,P0080,PAQ50,50,0.87,1
E0081,P0081,CAJA100,100,0.97,1
E0082,P0082,PAQ25,25,0.95,1
E0083,P0002,CAJA48,48,0.84,0
E0084,P0084,PAQ50,50,0.88,1
E0085,P0085,PAQ20,20,0.92,1
E0086,P0086,PAQ25,25,0.87,1
E0087,P0087,CAJA100,100,0.88,1
E0088,P0088,PAQ50,50,0.90,1
E0089,P0089,CAJA24,24,0.86,1
E0090,P0090,CAJA100,100,0.95,1
E0091,P0091,CAJA24,24,0.95,1
E0092,P0092,CAJA24,24,0.96,1
E0093,P0093,PAQ20,20,0.89,1
E0094,P0094,PAQ50,50,0.87,1
E0095,P0095,CAJA12,12,0.88,1
E0096,P0096,PAQ25,25,0.96,1
E0097,P0096,PAQ25,25,0.90,1
E0098,P0098,PAQ20,20,0.83,1
E0099,P0099,PAQ50,50,0.95,1
E0100,P0100,CAJA24,24,0.86,1
E0101,P0101,PAQ50,50,0.93,0
E0102,P0102,PAQ20,20,0.89,1
E0103,P0103,CAJA100,100,0.88,1
E0104,P0104,CAJA24,24,0.88,1
E0105,P0105,CAJA100,100,0.83,1
E0106,P0106,CAJA48,48,0.88,1
E0107,P0107,CAJA24,24,0.87,1
E0108,P0108,PAQ20,20,0.84,1
E0109,P0109,PAQ10,10,0.90,1
E0110,P0110,CAJA24,24,0.90,1
E0111,P0111,PAQ50,50,0.82,1
E0112,P0112,PAQ10,10,0.91,1
E0113,P0113,CAJA24,24,0.94,1
E0114,P0114,CAJA12,12,0.96,1
E0115,P0115,CAJA24,24,0.90,1
E0116,P0116,PAQ50,50,0.92,1
E0117,P0117,CAJA12,12,0.86,1
E0118,P0118,PAQ25,25,0.90,1
E0119,P0119,PAQ20,20,0.88,1
E0120,P0120,PAQ20,20,0.83,1
E0121,P0121,PAQ10,10,0.96,1
E0122,P0002,CAJA24,24,0.84,1
E0123,P0123,CAJA100,100,0.83,1
E0124,P0124,PAQ25,25,0.90,1
E0125,P0125,CAJA100,100,0.86,1
E0126,P0126,CAJA12,12,0.95,1
E0127,P0127,PAQ10,10,0.88,1
E0128,P0128,CAJA24,24,0.87,1
E0129,P0129,CAJA100,100,0.96,1
E0130,P0130,CAJA48,48,0.92,1
E0131,P0131,CAJA12,12,0.85,1
E0132,P0132,PAQ50,50,0.84,1
E0133,P0133,CAJA24,24,0.83,1
E0134,P0134,CAJA24,24,0.91,1
E0135,P0135,CAJA48,48,0.95,1
E0136,P0136,CAJA24,24,0.88,1
E0137,P0137,PAQ20,20,0.86,1
E0138,P0138,CAJA12,12,0.94,1
E0139,P0139,CAJA100,100,0.96,1
E0140,P0140,PAQ50,50,0.97,1
E0141,P0141,PAQ50,50,0.86,1
E0142,P0142,PAQ50,50,0.85,1
E0143,P0143,CAJA12,12,0.83,1
E0144,P0144,PAQ50,50,0.95,1
E0145,P0145,PAQ10,10,0.94,1
E0146,P0146,CAJA12,12,0.94,1
E0147,P0147,CAJA12,12,0.84,1
E0148,P0148,CAJA12,12,0.90,1
E0149,P0149,PAQ20,20,0.92,1
E0150,P0150,CAJA12,12,0.96,1
E0151,P0151,CAJA24,24,0.84,1
E0152,P0152,PAQ20,20,0.93,1
E0153,P0153,PAQ10,10,0.94,1
E0154,P0154,CAJA48,48,0.87,1
E0155,P0155,CAJA48,48,0.89,1
E0156,P0156,CAJA48,48,0.97,1
E0157,P0157,CAJA24,24,0.94,1
E0158,P0158,PAQ20,20,0.93,1
E0159,P0159,PAQ20,20,0.82,1
E0160,P0160,CAJA24,24,0.94,1
E0161,P0161,CAJA100,100,0.86,1
E0162,P0162,PAQ50,50,0.86,1
E0163,P0163,PAQ50,50,0.83,1
E0164,P0164,PAQ50,50,0.83,1
E0165,P0165,PAQ25,25,0.82,1
E0166,P0166,CAJA12,12,0.85,1
E0167,P0167,PAQ50,50,0.89,1
E0168,P0168,PAQ20,20,0.91,1
E0169,P0169,PAQ50,50,0.95,1
E0170,P0170,CAJA48,48,0.93,1
E0171,P0171,PAQ10,10,0.90,1
E0172,P0172,CAJA100,100,0.97,1
E0173,P0173,PAQ25,25,0.84,1
E0174,P0174,CAJA100,100,0.88,1
E0175,P0175,PAQ10,10,0.85,1
E0176,P0176,PAQ50,50,0.92,1
E0177,P0177,CAJA48,48,0.88,1
E0178,P0178,PAQ50,50,0.85,1
E0179,P0179,PAQ20,20,0.83,1
E0180,P0180,PAQ20,20,0.96,1
E0181,P0181,PAQ10,10,0.93,1
E0182,P0182,CAJA24,24,0.92,1
E0183,P0183,PAQ50,50,0.97,1
E0184,P0184,CAJA100,100,0.96,1
E0185,P0185,CAJA12,12,0.84,1
E0186,P0186,CAJA12,12,0.88,1
E0187,P0187,CAJA100,100,0.93,1
E0188,P0188,CAJA24,24,0.94,1
E0189,P0189,CAJA48,48,0.94,1
E0190,P0190,CAJA12,12,0.83,1
E0191,P0191,PAQ10,10,0.86,1
E0192,P0192,PAQ25,25,0.95,1
E0193,P0193,CAJA24,24,0.86,1
E0194,P0194,PAQ50,50,0.87,1
E0195,P0195,CAJA24,24,0.87,1
E0196,P0196,PAQ25,25,0.95,1
E0197,P0197,CAJA100,100,0.89,1
E0198,P0198,CAJA100,100,0.83,1
E0199,P0199,PAQ50,50,0.92,1
E0200,P0200,CAJA100,100,0.89,0
E0201,P0201,CAJA100,100,0.89,1
E0202,P0202,PAQ20,20,0.93,1
E0203,P0203,CAJA100,100,0.89,1
E0204,P0204,CAJA12,12,0.90,1
E0205,P0205,PAQ50,50,0.90,1
E0206,P0206,CAJA100,100,0.87,1
E0207,P0207,CAJA100,100,0.84,1
E0208,P0208,CAJA100,100,0.88,1
E0209,P0209,CAJA24,24,0.84,1
E0210,P0210,PAQ25,25,0.97,1
E0211,P0211,PAQ10,10,0.85,1
E0212,P0002,CAJA24,24,0.90,1
E0213,P0213,PAQ20,20,0.85,1
E0214,P0214,CAJA48,48,0.89,1
E0215,P0215,PAQ20,20,0.86,1
E0216,P0216,PAQ25,25,0.88,1
E0217,P0217,PAQ50,50,0.84,1
E0218,P0218,CAJA100,100,0.85,1
E0219,P0219,CAJA12,12,0.90,1
E0220,P0220,PAQ25,25,0.97,1
E0221,P0221,PAQ25,25,0.92,1
E0222,P0222,PAQ10,10,0.89,1
E0223,P0223,CAJA24,24,0.88,1
E0224,P0224,CAJA24,24,0.93,1
E0225,P0225,PAQ25,25,0.94,1
E0226,P0226,CAJA12,12,0.83,1
E0227,P0227,CAJA48,48,0.92,1
E0228,P0228,PAQ50,50,0.87,1
E0229,P0229,PAQ25,25,0.86,1
E0230,P0230,PAQ50,50,0.87,1
E0231,P0231,PAQ50,50,0.85,1
E0232,P0232,CAJA24,24,0.89,1
E0233,P0233,PAQ10,10,0.90,1
E0234,P0234,PAQ50,50,0.86,1
E0235,P0235,PAQ10,10,0.97,1
E0236,P0236,CAJA100,100,0.88,1
E0237,P0237,PAQ25,25,0.96,1
E0238,P0238,CAJA24,24,0.84,1
E0239,P0239,PAQ20,20,0.83,1
E0240,P0240,PAQ50,50,0.88,1
E0241,P0241,PAQ10,10,0.94,1
E0242,P0242,CAJA24,24,0.88,1
E0243,P0243,CAJA100,100,0.90,1
E0244,P0244,PAQ50,50,0.95,1
E0245,P0245,CAJA24,24,0.83,1
E0246,P0246,PAQ25,25,0.90,1
E0247,P0247,CAJA48,48,0.95,1
E0248,P0248,CAJA24,24,0.94,1
E0249,P0249,PAQ50,50,0.89,1
E0250,P0250,PAQ10,10,0.91,1
E0251,P0251,PAQ20,20,0.87,1
E0252,P0002,CAJA48,48,0.88,1
E0253,P0253,CAJA48,48,0.94,1
E0254,P0254,CAJA48,48,0.84,1
E0255,P0255,CAJA24,24,0.85,1
E0256,P0256,CAJA100,100,0.96,1
E0257,P0257,CAJA12,12,0.95,1
E0258,P0258,CAJA12,12,0.82,1
E0259,P0259,PAQ20,20,0.87,1
E0260,P0260,CAJA12,12,0.87,1
E0261,P0261,CAJA100,100,0.89,1
E0262,P0262,CAJA12,12,0.95,1
E0263,P0263,CAJA24,24,0.87,1
E0264,P0264,PAQ25,25,0.84,1
E0265,P0265,PAQ25,25,0.88,1
E0266,P0266,CAJA24,24,0.89,1
E0267,P0267,CAJA24,24,0.97,1
E0268,P0268,PAQ50,50,0.84,1
E0269,P0269,PAQ20,20,0.96,1
E0270,P0270,CAJA48,48,0.89,1
E0271,P0271,CAJA24,24,0.92,1
E0272,P0272,PAQ25,25,0.91,1
E0273,P0273,PAQ20,20,0.93,1
E0274,P0274,PAQ10,10,0.94,1
E0275,P0275,PAQ20,20,0.83,1
E0276,P0276,CAJA100,100,0.86,1
E0277,P0277,PAQ50,50,0.96,1
E0278,P0278,CAJA24,24,0.94,1
E0279,P0279,CAJA24,24,0.94,1
E0280,P0280,CAJA24,24,0.82,1
E0281,P0281,CAJA12,12,0.85,1
E0282,P0282,PAQ10,10,0.85,1
E0283,P0283,CAJA24,24,0.97,1
E0284,P0284,CAJA12,12,0.85,1
E0285,P0285,CAJA48,48,0.88,1
E0286,P0286,CAJA100,100,0.85,1
E0287,P0287,PAQ50,50,0.97,1
E0288,P0288,PAQ50,50,0.88,1
E0289,P0289,CAJA24,24,0.92,1
E0290,P0290,PAQ25,25,0.87,1
E0291,P0291,PAQ50,50,0.89,1
E0292,P0292,CAJA48,48,0.95,1
E0293,P0293,CAJA48,48,0.89,1
E0294,P0294,CAJA24,24,0.94,1
E0295,P0295,PAQ25,25,0.95,1
E0296,P0296,CAJA48,48,0.90,1
E0297,P0297,PAQ25,25,0.86,1
E0298,P0298,PAQ20,20,0.96,1
E0299,P0299,CAJA24,24,0.86,1
E0300,P0300,CAJA24,24,0.94,1
E0301,P0301,CAJA12,12,0.89,1
E0302,P0302,PAQ20,20,0.94,1
E0303,P0303,CAJA24,24,0.89,1
E0304,P0304,CAJA24,24,0.95,1
E0305,P0305,CAJA24,24,0.95,1
E0306,P0306,CAJA100,100,0.85,1
E0307,P0307,PAQ25,25,0.97,1
E0308,P0308,CAJA48,48,0.89,1
E0309,P0309,PAQ10,10,0.89,1
E0310,P0310,CAJA100,100,0.82,1
E0311,P0311,CAJA12,12,0.94,1
E0312,P0312,CAJA100,100,0.84,1
E0313,P0313,CAJA12,12,0.84,1
E0314,P0314,PAQ25,25,0.87,1
E0315,P0315,PAQ25,25,0.87,1
E0316,P0316,PAQ50,50,0.85,1
E0317,P0317,PAQ20,20,0.93,1
E0318,P0318,CAJA100,100,0.90,1
E0319,P0319,CAJA100,100,0.91,1
E0320,P0320,PAQ20,20,0.90,1
E0321,P0321,PAQ20,20,0.83,1
E0322,P0322,PAQ25,25,0.93,1
E0323,P0323,CAJA12,12,0.97,1
E0324,P0324,PAQ25,25,0.84,1
E0325,P0325,PAQ50,50,0.95,1
E0326,P0326,CAJA12,12,0.84,1
E0327,P0327,PAQ20,20,0.93,1
E0328,P0328,PAQ25,25,0.84,1
E0329,P0329,CAJA24,24,0.82,1
E0330,P0330,PAQ20,20,0.84,1
E0331,P0331,CAJA48,48,0.96,1
E0332,P0332,CAJA100,100,0.88,1
E0333,P0333,CAJA12,12,0.96,1
E0334,P0334,CAJA100,100,0.88,1
E0335,P0335,CAJA12,12,0.83,1
E0336,P0336,PAQ25,25,0.84,1
E0337,P0337,CAJA100,100,0.92,1
E0338,P0338,CAJA12,12,0.90,1
E0339,P0339,PAQ20,20,0.92,1
E0340,P0340,CAJA100,100,0.83,1
E0341,P0341,CAJA24,24,0.94,1
E0342,P0342,CAJA100,100,0.95,1
E0343,P0343,CAJA12,12,0.96,1
E0344,P0344,CAJA24,24,0.93,1
E0345,P0345,PAQ10,10,0.89,1
E0346,P0346,CAJA48,48,0.90,1
E0347,P0347,PAQ20,20,0.92,1
E0348,P0348,CAJA24,24,0.95,1
E0349,P0349,CAJA48,48,0.94,1
E0350,P0350,CAJA48,48,0.83,1
E0351,P0351,CAJA24,24,0.90,1
E0352,P0352,PAQ10,10,0.91,1
E0353,P0353,CAJA24,24,0.90,1
E0354,P0354,PAQ50,50,0.96,1
E0355,P0355,PAQ20,20,0.84,1
E0356,P0356,PAQ50,50,0.91,1
E0357,P0357,PAQ20,20,0.93,1
E0358,P0358,PAQ50,50,0.91,1
E0359,P0359,CAJA12,12,0.89,1
E0360,P0360,CAJA48,48,0.91,1
E0361,P0361,CAJA24,24,0.94,1
E0362,P0362,CAJA48,48,0.89,1
E0363,P0363,PAQ25,25,0.84,1
E0364,P0364,CAJA12,12,0.90,1
E0365,P0365,CAJA24,24,0.91,1
E0366,P0366,PAQ20,20,0.87,1
E0367,P0367,CAJA48,48,0.82,1
E0368,P0368,CAJA24,24,0.89,1
E0369,P0369,PAQ20,20,0.95,1
E0370,P0370,PAQ50,50,0.87,1
E0371,P0371,CAJA24,24,0.90,1
E0372,P0372,CAJA48,48,0.83,1
E0373,P0373,PAQ50,50,0.88,1
E0374,P0374,CAJA100,100,0.91,1
E0375,P0375,CAJA24,24,0.87,1
E0376,P0376,PAQ20,20,0.90,1
E0377,P0377,CAJA100,100,0.94,1
E0378,P0378,PAQ50,50,0.96,1
E0379,P0379,CAJA12,12,0.84,1
E0380,P0380,PAQ20,20,0.82,1
E0381,P0381,PAQ20,20,0.87,1
E0382,P0382,PAQ25,25,0.97,1
E0383,P0383,CAJA100,100,0.95,1
E0384,P0384,CAJA100,100,0.87,1
E0385,P0385,CAJA48,48,0.90,1
E0386,P0386,PAQ25,25,0.89,1
E0387,P0387,CAJA12,12,0.92,1
E0388,P0388,PAQ20,20,0.90,1
E0389,P0389,PAQ10,10,0.95,1
E0390,P0390,CAJA12,12,0.93,1
E0391,P0391,CAJA24,24,0.92,1
E0392,P0392,PAQ20,20,0.87,1
E0393,P0393,PAQ20,20,0.93,1
E0394,P0394,CAJA12,12,0.83,1
E0395,P0395,PAQ20,20,0.92,1
E0396,P0396,PAQ25,25,0.94,1
E0397,P0397,PAQ50,50,0.83,1
E0398,P0398,PAQ25,25,0.96,1
E0399,P0399,CAJA100,100,0.94,1
E0400,P0400,CAJA48,48,0.85,1
E0401,P0401,CAJA48,48,0.95,1
E0402,P0402,PAQ50,50,0.97,1
E0403,P0403,PAQ50,50,0.95,1
E0404,P0404,PAQ50,50,0.84,1
E0405,P0405,PAQ50,50,0.85,1
E0406,P0406,PAQ10,10,0.85,1
E0407,P0407,PAQ25,25,0.87,1
E0408,P0408,CAJA12,12,0.92,1
E0409,P0409,PAQ50,50,0.83,1
E0410,P0410,PAQ50,50,0.90,1
E0411,P0411,PAQ50,50,0.95,1
E0412,P0412,CAJA48,48,0.89,1
E0413,P0413,CAJA100,100,0.92,1
E0414,P0414,CAJA12,12,0.89,1
E0415,P0415,CAJA100,100,0.97,1
E0416,P0416,CAJA12,12,0.88,1
E0417,P0417,PAQ20,20,0.94,1
E0418,P0418,CAJA48,48,0.95,1
E0419,P0419,CAJA12,12,0.89,1
E0420,P0420,PAQ20,20,0.91,1
E0421,P0421,CAJA12,12,0.82,1
E0422,P0422,CAJA100,100,0.91,1
E0423,P0423,PAQ20,20,0.94,1
E0424,P0424,PAQ20,20,0.86,1
E0425,P0425,PAQ10,10,0.87,1
E0426,P0426,PAQ50,50,0.95,1
E0427,P0427,PAQ25,25,0.91,1
E0428,P0428,PAQ10,10,0.90,1
E0429,P0429,PAQ25,25,0.89,1
E0430,P0430,PAQ20,20,0.91,1
E0431,P0431,PAQ25,25,0.92,1
E0432,P0432,CAJA12,12,0.96,1
E0433,P0433,CAJA100,100,0.91,1
E0434,P0434,PAQ10,10,0.84,1
E0435,P0435,CAJA24,24,0.91,1
E0436,P0436,PAQ10,10,0.83,1
E0437,P0437,PAQ25,25,0.82,1
E0438,P0438,CAJA48,48,0.90,1
E0439,P0439,CAJA24,24,0.82,1
E0440,P0440,CAJA24,24,0.88,1
E0441,P0441,CAJA48,48,0.89,1
E0442,P0442,CAJA100,100,0.92,1
E0443,P0443,PAQ50,50,0.84,1
E0444,P0444,PAQ50,50,0.95,1
E0445,P0445,CAJA48,48,0.85,1
E0446,P0446,CAJA12,12,0.86,1
E0447,P0447,PAQ50,50,0.89,1
E0448,P0448,PAQ10,10,0.90,1
E0449,P0449,PAQ10,10,0.85,1
E0450,P0450,CAJA24,24,0.84,1
E0451,P0451,PAQ50,50,0.84,1
E0452,P0452,CAJA100,100,0.91,1
E0453,P0453,CAJA12,12,0.92,1
E0454,P0454,CAJA48,48,0.85,1
E0455,P0455,PAQ20,20,0.90,1
E0456,P0456,PAQ20,20,0.92,1
E0457,P0457,CAJA48,48,0.89,1
E0458,P0458,CAJA48,48,0.96,1
E0459,P0459,CAJA100,100,0.85,1
E0460,P0460,PAQ20,20,0.93,1
E0461,P0461,CAJA24,24,0.92,1
E0462,P0462,PAQ10,10,0.82,1
E0463,P0463,PAQ25,25,0.92,1
E0464,P0464,CAJA48,48,0.83,1
E0465,P0465,CAJA12,12,0.93,1
E0466,P0466,PAQ50,50,0.91,1
E0467,P0467,PAQ10,10,0.94,1
E0468,P0468,PAQ10,10,0.88,1
E0469,P0469,CAJA48,48,0.94,1
E0470,P0470,CAJA48,48,0.94,1
E0471,P0471,PAQ25,25,0.95,1
E0472,P0472,PAQ25,25,0.93,1
E0473,P0473,CAJA12,12,0.86,1
E0474,P0474,PAQ25,25,0.97,1
E0475,P0475,PAQ25,25,0.85,1
E0476,P0476,PAQ20,20,0.97,1
E0477,P0477,PAQ25,25,0.91,1
E0478,P0478,PAQ20,20,0.92,1
E0479,P0479,PAQ25,25,0.93,1
E0480,P0480,CAJA100,100,0.85,1
E0481,P0481,PAQ10,10,0.85,1
E0482,P0482,CAJA100,100,0.95,1
E0483,P0483,PAQ25,25,0.92,1
E0484,P0484,PAQ20,20,0.84,1
E0485,P0485,CAJA24,24,0.91,1
E0486,P0486,CAJA48,48,0.84,1
E0487,P0487,PAQ20,20,0.87,1
E0488,P0488,CAJA48,48,0.91,1
E0489,P0489,CAJA100,100,0.89,1
E0490,P0490,PAQ20,20,0.83,1
E0491,P0491,CAJA100,100,0.96,1
E0492,P0492,PAQ50,50,0.92,1
E0493,P0493,PAQ50,50,0.94,1
E0494,P0494,CAJA24,24,0.90,1
E0495,P0495,CAJA24,24,0.87,1
E0496,P0496,CAJA24,24,0.83,1
E0497,P0497,PAQ20,20,0.94,1
E0498,P0498,CAJA24,24,0.83,1
E0499,P0499,PAQ50,50,0.89,1
E0500,P0500,CAJA24,24,0.95,1
E0501,P0501,PAQ10,10,0.91,1
E0502,P0502,CAJA100,100,0.84,1
E0503,P0503,CAJA48,48,0.82,1
E0504,P0504,CAJA100,100,0.93,1
E0505,P0505,PAQ10,10,0.94,1
E0506,P0506,PAQ10,10,0.89,1
E0507,P0507,CAJA12,12,0.90,1
E0508,P0508,PAQ25,25,0.89,1
E0509,P0509,PAQ20,20,0.90,1
E0510,P0510,PAQ50,50,0.88,1
E0511,P0511,PAQ10,10,0.87,1
E0512,P0512,CAJA12,12,0.96,1
E0513,P0513,CAJA12,12,0.84,1
E0514,P0514,CAJA100,100,0.97,1
E0515,P0515,CAJA100,100,0.96,1
E0516,P0516,CAJA100,100,0.87,1
E0517,P0517,PAQ50,50,0.88,1
E0518,P0518,CAJA24,24,0.84,1
E0519,P0519,CAJA100,100,0.95,1
E0520,P0520,CAJA12,12,0.95,1
E0521,P0521,PAQ50,50,0.92,1
E0522,P0522,CAJA24,24,0.93,1
E0523,P0523,PAQ20,20,0.90,1
E0524,P0524,CAJA100,100,0.92,1
E0525,P0525,PAQ10,10,0.83,1
E0526,P0526,CAJA12,12,0.86,1
E0527,P0527,PAQ10,10,0.84,1
E0528,P0528,PAQ20,20,0.94,1
E0529,P0529,CAJA100,100,0.83,1
E0530,P0530,PAQ25,25,0.91,1
E0531,P0531,PAQ20,20,0.84,1
E0532,P0532,CAJA100,100,0.94,1
E0533,P0533,CAJA48,48,0.88,1
E0534,P0534,CAJA12,12,0.92,1
E0535,P0535,PAQ20,20,0.94,1
E0536,P0536,CAJA12,12,0.85,1
E0537,P0537,CAJA48,48,0.93,1
E0538,P0538,CAJA100,100,0.84,1
E0539,P0539,CAJA24,24,0.86,1
E0540,P0540,CAJA100,100,0.94,1
E0541,P0541,CAJA48,48,0.84,1
E0542,P0542,CAJA48,48,0.91,1
E0543,P0543,CAJA48,48,0.85,1
E0544,P0544,PAQ20,20,0.86,1
E0545,P0545,CAJA48,48,0.96,1
E0546,P0546,CAJA48,48,0.84,1
E0547,P0547,PAQ50,50,0.96,1
E0548,P0548,CAJA12,12,0.89,1
E0549,P0549,PAQ25,25,0.90,1
E0550,P0550,CAJA48,48,0.94,1
E0551,P0551,CAJA12,12,0.91,1
E0552,P0552,CAJA24,24,0.87,1
E0553,P0553,PAQ50,50,0.96,1
E0554,P0554,CAJA48,48,0.82,1
E0555,P0555,CAJA12,12,0.85,1
E0556,P0556,PAQ20,20,0.95,1
E0557,P0557,PAQ25,25,0.96,1
E0558,P0558,CAJA12,12,0.96,1
E0559,P0559,CAJA100,100,0.87,1
E0560,P0560,PAQ50,50,0.85,1
E0561,P0561,CAJA24,24,0.87,1
E0562,P0562,PAQ10,10,0.93,1
E0563,P0563,CAJA12,12,0.88,1
E0564,P0564,CAJA48,48,0.86,1
E0565,P0565,CAJA12,12,0.90,1
E0566,P0566,PAQ10,10,0.90,1
E0567,P0567,CAJA48,48,0.91,1
E0568,P0568,CAJA100,100,0.95,1
E0569,P0569,PAQ20,20,0.93,1
E0570,P0570,PAQ25,25,0.92,1
E0571,P0571,CAJA48,48,0.94,1
E0572,P0572,CAJA24,24,0.87,1
E0573,P0573,PAQ20,20,0.90,1
E0574,P0574,PAQ50,50,0.94,1
E0575,P0575,CAJA100,100,0.82,1
E0576,P0576,PAQ25,25,0.95,1
E0577,P0577,PAQ20,20,0.92,1
E0578,P0578,PAQ25,25,0.91,1
E0579,P0579,CAJA24,24,0.90,1
E0580,P0580,PAQ10,10,0.83,1
E0581,P0581,PAQ50,50,0.85,1
E0582,P0582,CAJA100,100,0.96,1
E0583,P0583,CAJA100,100,0.92,1
E0584,P0584,PAQ20,20,0.91,1
E0585,P0585,PAQ50,50,0.89,1
E0586,P0586,PAQ20,20,0.89,1
E0587,P0587,PAQ25,25,0.83,1
E0588,P0588,CAJA48,48,0.85,1
E0589,P0589,PAQ50,50,0.85,1
E0590,P0590,CAJA12,12,0.86,1
E0591,P0591,PAQ10,10,0.91,1
E0592,P0592,PAQ20,20,0.96,1
E0593,P0593,PAQ20,20,0.89,1
E0594,P0594,PAQ50,50,0.84,1
E0595,P0595,PAQ10,10,0.86,1
E0596,P0596,PAQ50,50,0.95,1
E0597,P0597,PAQ25,25,0.82,1
E0598,P0598,PAQ25,25,0.90,1
E0599,P0599,CAJA48,48,0.95,1
E0600,P0600,PAQ20,20,0.90,1
E0601,P0309,CAJA48,48,0.81,1
E0602,P0206,PAQ50,50,0.91,1
E0603,P0326,CAJA48,48,0.84,1
E0604,P0063,PAQ50,50,0.93,1
E0605,P0320,CAJA24,24,0.84,1
E0606,P0129,PAQ50,50,0.85,1
E0607,P0506,CAJA12,12,0.86,1
E0608,P0160,PAQ50,50,0.79,1
E0609,P0276,CAJA48,48,0.85,1
E0610,P0137,PAQ10,10,0.90,1
E0611,P0294,PAQ10,10,0.88,1
E0612,P0322,CAJA100,100,0.88,1
E0613,P0535,CAJA24,24,0.82,1
E0614,P0157,CAJA48,48,0.87,1
E0615,P0045,PAQ25,25,0.93,1
E0616,P0087,PAQ10,10,0.80,1
E0617,P0424,PAQ25,25,0.78,1
E0618,P0596,PAQ20,20,0.81,1
E0619,P0330,PAQ25,25,0.83,1
E0620,P0356,PAQ10,10,0.92,1
E0621,P0057,PAQ25,25,0.84,1
E0622,P0086,PAQ10,10,0.87,1
E0623,P0366,CAJA24,24,0.92,1
E0624,P0399,PAQ10,10,0.93,1
E0625,P0150,PAQ25,25,0.84,1
E0626,P0328,CAJA48,48,0.80,1
E0627,P0285,PAQ10,10,0.91,1
E0628,P0135,CAJA24,24,0.90,1
E0629,P0337,PAQ25,25,0.78,1
E0630,P0250,PAQ20,20,0.84,1
E0631,P0313,CAJA24,24,0.86,1
E0632,P0093,PAQ50,50,0.89,1
E0633,P0136,CAJA48,48,0.86,1
E0634,P0420,CAJA48,48,0.92,1
E0635,P0022,CAJA48,48,0.83,1
E0636,P0466,CAJA24,24,0.92,1
E0637,P0560,PAQ25,25,0.85,1
E0638,P0441,PAQ25,25,0.80,1
E0639,P0526,PAQ20,20,0.94,1
E0640,P0050,CAJA12,12,0.89,1
E0641,P0436,PAQ25,25,0.94,1
E0642,P0445,CAJA12,12,0.87,1
E0643,P0395,PAQ50,50,0.83,1
E0644,P0310,PAQ50,50,0.92,1
E0645,P0094,CAJA48,48,0.89,1
E0646,P0032,CAJA12,12,0.90,1
E0647,P0095,PAQ50,50,0.85,1
E0648,P0580,CAJA48,48,0.80,1
E0649,P0233,CAJA12,12,0.94,1
E0650,P0105,PAQ50,50,0.90,1
E0651,P0090,PAQ50,50,0.91,1
E0652,P0008,CAJA12,12,0.86,1
E0653,P0002,CAJA100,100,0.92,1
E0654,P0385,PAQ50,50,0.94,1
E0655,P0349,PAQ10,10,0.84,1
E0656,P0360,PAQ10,10,0.82,1
E0657,P0565,CAJA48,48,0.83,1
E0658,P0058,PAQ20,20,0.89,1
E0659,P0491,CAJA24,24,0.94,1
E0660,P0248,PAQ10,10,0.85,1
E0661,P0054,CAJA12,12,0.88,1
E0662,P0274,CAJA48,48,0.87,1
E0663,P0514,CAJA48,48,0.93,1
E0664,P0527,CAJA12,12,0.83,1
E0665,P0158,PAQ50,50,0.91,1
E0666,P0546,CAJA24,24,0.83,1
E0667,P0079,PAQ10,10,0.81,1
E0668,P0488,PAQ10,10,0.84,1
E0669,P0558,PAQ25,25,0.88,1
E0670,P0089,PAQ50,50,0.82,1
E0671,P0419,PAQ10,10,0.80,1
E0672,P0542,CAJA12,12,0.86,1
E0673,P0119,PAQ10,10,0.80,1
E0674,P0319,CAJA12,12,0.88,1
E0675,P0562,PAQ25,25,0.90,1
E0676,P0353,CAJA100,100,0.94,1
E0677,P0431,CAJA100,100,0.88,1
E0678,P0374,CAJA12,12,0.94,1
E0679,P0403,PAQ25,25,0.83,1
E0680,P0469,CAJA100,100,0.79,1
E0681,P0575,PAQ20,20,0.91,1
E0682,P0258,PAQ10,10,0.93,1
E0683,P0077,CAJA24,24,0.93,1
E0684,P0152,PAQ25,25,0.84,1
E0685,P0127,CAJA24,24,0.82,1
E0686,P0440,PAQ25,25,0.94,1
E0687,P0177,PAQ10,10,0.87,1
E0688,P0411,CAJA100,100,0.89,1
E0689,P0307,PAQ10,10,0.80,1
E0690,P0325,CAJA24,24,0.80,1
E0691,P0098,CAJA24,24,0.82,1
E0692,P0332,CAJA48,48,0.89,1
E0693,P0122,PAQ50,50,0.79,1
E0694,P0301,CAJA100,100,0.94,1
E0695,P0197,CAJA48,48,0.91,1
E0696,P0508,PAQ50,50,0.88,1
E0697,P0221,PAQ20,20,0.84,1
E0698,P0599,CAJA12,12,0.79,1
E0699,P0047,CAJA24,24,0.80,1
E0700,P0418,PAQ20,20,0.93,1
E0701,P0296,CAJA100,100,0.87,1
E0702,P0552,PAQ20,20,0.93,1
E0703,P0402,CAJA24,24,0.91,1
E0704,P0168,PAQ50,50,0.80,1
E0705,P0520,PAQ50,50,0.89,1
E0706,P0076,CAJA48,48,0.83,1
E0707,P0486,PAQ50,50,0.80,1
E0708,P0464,PAQ20,20,0.94,1
E0709,P0451,CAJA12,12,0.80,1
E0710,P0026,CAJA100,100,0.84,1
E0711,P0245,CAJA12,12,0.94,1
E0712,P0169,CAJA48,48,0.89,1
E0713,P0046,PAQ50,50,0.92,1
E0714,P0522,PAQ25,25,0.81,1
E0715,P0482,PAQ20,20,0.91,1
E0716,P0030,CAJA12,12,0.88,1
E0717,P0202,CAJA12,12,0.86,1
E0718,P0414,PAQ50,50,0.84,1
E0719,P0501,CAJA100,100,0.88,1
E0720,P0413,CAJA24,24,0.86,1
E0721,P0101,PAQ10,10,0.92,1
E0722,P0448,PAQ50,50,0.81,1
E0723,P0489,CAJA48,48,0.82,1
E0724,P0368,PAQ20,20,0.92,1
E0725,P0124,CAJA48,48,0.81,1
E0726,P0432,CAJA24,24,0.84,1
E0727,P0345,CAJA12,12,0.89,1
E0728,P0572,CAJA100,100,0.81,1
E0729,P0277,CAJA24,24,0.90,1
E0730,P0096,PAQ10,10,0.81,1
E0731,P0555,PAQ10,10,0.88,1
E0732,P0166,PAQ50,50,0.81,1
E0733,P0155,PAQ20,20,0.93,1
E0734,P0472,CAJA48,48,0.83,1
E0735,P0194,PAQ20,20,0.81,1
E0736,P0021,CAJA100,100,0.91,1
E0737,P0265,PAQ20,20,0.83,1
E0738,P0406,CAJA48,48,0.83,1
E0739,P0130,PAQ10,10,0.80,1
E0740,P0442,PAQ25,25,0.81,1
E0741,P0251,PAQ10,10,0.89,1
E0742,P0509,CAJA100,100,0.83,1
E0743,P0485,CAJA12,12,0.78,1
E0744,P0539,PAQ20,20,0.92,1
E0745,P0386,CAJA100,100,0.82,1
E0746,P0215,CAJA12,12,0.94,1
E0747,P0043,CAJA48,48,0.91,1
E0748,P0504,PAQ25,25,0.83,1
E0749,P0164,PAQ10,10,0.83,1
E0750,P0334,PAQ20,20,0.78,1
E0751,P0375,PAQ20,20,0.90,1
E0752,P0072,CAJA100,100,0.80,1
E0753,P0311,CAJA48,48,0.84,1
E0754,P0305,PAQ50,50,0.82,1
E0755,P0392,PAQ50,50,0.83,1
E0756,P0461,CAJA12,12,0.83,1
E0757,P0099,PAQ20,20,0.87,1
E0758,P0056,CAJA100,100,0.83,1
E0759,P0025,PAQ50,50,0.89,1
E0760,P0323,PAQ10,10,0.93,1
E0761,P0225,CAJA12,12,0.90,1
E0762,P0350,PAQ25,25,0.80,1
E0763,P0214,PAQ50,50,0.85,1
E0764,P0104,PAQ25,25,0.95,1
E0765,P0231,PAQ10,10,0.91,1
E0766,P0351,PAQ50,50,0.84,1
E0767,P0425,CAJA24,24,0.87,1
E0768,P0034,CAJA48,48,0.89,1
E0769,P0318,PAQ50,50,0.81,1
E0770,P0204,PAQ50,50,0.79,1
E0771,P0559,PAQ25,25,0.80,1
E0772,P0181,CAJA100,100,0.90,1
E0773,P0108,CAJA100,100,0.89,1
E0774,P0280,PAQ10,10,0.92,1
E0775,P0179,PAQ10,10,0.94,1
E0776,P0017,PAQ25,25,0.92,1
E0777,P0477,PAQ50,50,0.85,1
E0778,P0494,PAQ50,50,0.92,1
E0779,P0434,CAJA48,48,0.89,1
E0780,P0209,PAQ25,25,0.92,1
E0781,P0417,PAQ25,25,0.85,1
E0782,P0083,PAQ20,20,0.94,1
E0783,P0341,CAJA100,100,0.94,1
E0784,P0531,PAQ25,25,0.82,1
E0785,P0410,PAQ25,25,0.88,1
E0786,P0039,PAQ50,50,0.79,1
E0787,P0269,CAJA24,24,0.81,1
E0788,P0592,PAQ50,50,0.81,1
E0789,P0238,CAJA48,48,0.93,1
E0790,P0156,CAJA12,12,0.90,1
E0791,P0496,PAQ50,50,0.84,1
E0792,P0116,CAJA100,100,0.95,1
E0793,P0529,PAQ25,25,0.88,1
E0794,P0212,PAQ20,20,0.83,1
E0795,P0062,PAQ25,25,0.90,1
E0796,P0470,CAJA12,12,0.86,1
E0797,P0102,CAJA100,100,0.86,1
E0798,P0207,PAQ20,20,0.87,1
E0799,P0198,CAJA24,24,0.84,1
E0800,P0028,PAQ10,10,0.85,1
E0801,P0293,CAJA12,12,0.79,1
E0802,P0289,PAQ20,20,0.91,1
E0803,P0180,CAJA48,48,0.92,1
E0804,P0223,PAQ20,20,0.91,1
E0805,P0568,CAJA12,12,0.93,1
E0806,P0018,CAJA100,100,0.83,1
E0807,P0297,CAJA48,48,0.83,1
E0808,P0163,PAQ10,10,0.83,1
E0809,P0530,CAJA48,48,0.87,1
E0810,P0422,CAJA24,24,0.78,1
E0811,P0132,PAQ25,25,0.90,1
E0812,P0569,PAQ10,10,0.80,1
E0813,P0474,CAJA100,100,0.89,1
E0814,P0015,CAJA48,48,0.84,1
E0815,P0361,CAJA100,100,0.85,1
E0816,P0272,CAJA12,12,0.94,1
E0817,P0446,CAJA100,100,0.87,1
E0818,P0427,CAJA24,24,0.93,1
E0819,P0007,CAJA48,48,0.92,1
E0820,P0564,CAJA100,100,0.79,1
E0821,P0471,PAQ20,20,0.94,1
E0822,P0107,PAQ20,20,0.89,1
E0823,P0518,PAQ20,20,0.84,1
E0824,P0082,CAJA24,24,0.91,1
E0825,P0540,PAQ25,25,0.78,1
E0826,P0380,CAJA48,48,0.86,1
E0827,P0060,PAQ25,25,0.81,1
E0828,P0114,CAJA100,100,0.90,1
E0829,P0408,PAQ10,10,0.84,1
E0830,P0138,PAQ10,10,0.90,1
E0831,P0192,CAJA100,100,0.81,1
E0832,P0316,CAJA24,24,0.95,1
E0833,P0590,PAQ10,10,0.90,1
E0834,P0219,PAQ10,10,0.79,1
E0835,P0389,CAJA48,48,0.84,1
E0836,P0172,CAJA48,48,0.89,1
E0837,P0044,PAQ20,20,0.80,1
E0838,P0023,CAJA12,12,0.92,1
E0839,P0038,PAQ50,50,0.92,1
E0840,P0295,CAJA48,48,0.84,1
E0841,P0567,PAQ50,50,0.91,1
E0842,P0342,PAQ20,20,0.92,1
E0843,P0019,PAQ25,25,0.79,1
E0844,P0074,PAQ25,25,0.88,1
E0845,P0261,PAQ50,50,0.93,1
E0846,P0064,PAQ50,50,0.79,1
E0847,P0541,CAJA100,100,0.78,1
E0848,P0458,CAJA12,12,0.85,1
E0849,P0109,PAQ20,20,0.86,1
E0850,P0143,CAJA24,24,0.82,1
E0851,P0159,CAJA24,24,0.86,1
E0852,P0523,PAQ50,50,0.90,1
E0853,P0362,PAQ25,25,0.89,1
E0854,P0447,CAJA48,48,0.84,1
E0855,P0421,PAQ25,25,0.91,1
E0856,P0208,CAJA48,48,0.87,1
E0857,P0476,PAQ50,50,0.92,1
E0858,P0393,CAJA24,24,0.92,1
E0859,P0577,CAJA24,24,0.84,1
E0860,P0407,PAQ10,10,0.90,1
E0861,P0081,CAJA48,48,0.88,1
E0862,P0236,PAQ50,50,0.91,1
E0863,P0551,PAQ20,20,0.87,1
E0864,P0566,CAJA24,24,0.84,1
E0865,P0267,PAQ10,10,0.82,1
E0866,P0075,PAQ50,50,0.81,1
E0867,P0188,PAQ10,10,0.80,1
E0868,P0282,PAQ50,50,0.94,1
E0869,P0298,CAJA12,12,0.87,1
E0870,P0103,PAQ20,20,0.82,1
E0871,P0239,CAJA24,24,0.89,1
E0872,P0369,CAJA12,12,0.81,1
E0873,P0139,PAQ10,10,0.93,1
E0874,P0324,PAQ20,20,0.89,1
E0875,P0543,PAQ10,10,0.82,1
E0876,P0574,CAJA12,12,0.83,1
E0877,P0383,CAJA24,24,0.94,1
E0878,P0195,CAJA48,48,0.89,1
E0879,P0268,PAQ20,20,0.90,1
E0880,P0576,PAQ50,50,0.84,1
E0881,P0456,CAJA24,24,0.84,1
E0882,P0376,CAJA100,100,0.95,1
E0883,P0256,PAQ50,50,0.93,1
E0884,P0557,PAQ20,20,0.84,1
E0885,P0329,CAJA100,100,0.94,1
E0886,P0480,PAQ25,25,0.88,1
E0887,P0254,CAJA24,24,0.82,1
E0888,P0381,CAJA48,48,0.79,1
E0889,P0193,CAJA100,100,0.85,1
E0890,P0388,CAJA48,48,0.88,1
E0891,P0303,CAJA12,12,0.90,1
E0892,P0354,CAJA12,12,0.88,1
E0893,P0578,PAQ20,20,0.80,1
E0894,P0243,PAQ25,25,0.87,1
E0895,P0228,PAQ25,25,0.88,1
E0896,P0503,CAJA100,100,0.82,1
E0897,P0149,CAJA100,100,0.95,1
E0898,P0537,PAQ10,10,0.88,1
E0899,P0257,PAQ20,20,0.81,1
E0900,P0519,PAQ10,10,0.95,1
